site_number,blog_id,slug,started_at_utc,finished_at_utc,provisioning_ms,status
1,10,ms84-0001,2026-07-22T14:45:56Z,2026-07-22T14:45:57Z,1717,created
2,11,ms84-0002,2026-07-22T14:45:57Z,2026-07-22T14:45:59Z,1569,created
3,12,ms84-0003,2026-07-22T14:45:59Z,2026-07-22T14:46:00Z,1619,created
4,13,ms84-0004,2026-07-22T14:46:01Z,2026-07-22T14:46:02Z,1540,created
5,14,ms84-0005,2026-07-22T14:46:02Z,2026-07-22T14:46:04Z,1557,created
6,15,ms84-0006,2026-07-22T14:46:04Z,2026-07-22T14:46:05Z,1583,created
7,16,ms84-0007,2026-07-22T14:46:05Z,2026-07-22T14:46:07Z,1620,created
8,17,ms84-0008,2026-07-22T14:46:07Z,2026-07-22T14:46:08Z,1467,created
9,18,ms84-0009,2026-07-22T14:46:08Z,2026-07-22T14:46:10Z,1410,created
10,19,ms84-0010,2026-07-22T14:46:10Z,2026-07-22T14:46:11Z,1402,created
11,20,ms84-0011,2026-07-22T14:46:11Z,2026-07-22T14:46:12Z,1320,created
12,21,ms84-0012,2026-07-22T14:46:12Z,2026-07-22T14:46:14Z,1365,created
13,22,ms84-0013,2026-07-22T14:46:14Z,2026-07-22T14:46:15Z,1299,created
14,23,ms84-0014,2026-07-22T14:46:15Z,2026-07-22T14:46:16Z,1345,created
15,24,ms84-0015,2026-07-22T14:46:16Z,2026-07-22T14:46:18Z,1391,created
16,25,ms84-0016,2026-07-22T14:46:18Z,2026-07-22T14:46:19Z,1364,created
17,26,ms84-0017,2026-07-22T14:46:19Z,2026-07-22T14:46:21Z,1373,created
18,27,ms84-0018,2026-07-22T14:46:21Z,2026-07-22T14:46:22Z,1509,created
19,28,ms84-0019,2026-07-22T14:46:22Z,2026-07-22T14:46:24Z,1482,created
20,29,ms84-0020,2026-07-22T14:46:24Z,2026-07-22T14:46:25Z,1461,created
21,30,ms84-0021,2026-07-22T14:46:25Z,2026-07-22T14:46:27Z,1461,created
22,31,ms84-0022,2026-07-22T14:46:27Z,2026-07-22T14:46:28Z,1530,created
23,32,ms84-0023,2026-07-22T14:46:28Z,2026-07-22T14:46:30Z,1492,created
24,33,ms84-0024,2026-07-22T14:46:30Z,2026-07-22T14:46:31Z,1440,created
25,34,ms84-0025,2026-07-22T14:46:31Z,2026-07-22T14:46:32Z,1439,created
26,35,ms84-0026,2026-07-22T14:46:32Z,2026-07-22T14:46:34Z,1385,created
27,36,ms84-0027,2026-07-22T14:46:34Z,2026-07-22T14:46:35Z,1373,created
28,37,ms84-0028,2026-07-22T14:46:35Z,2026-07-22T14:46:37Z,1349,created
29,38,ms84-0029,2026-07-22T14:46:37Z,2026-07-22T14:46:38Z,1378,created
30,39,ms84-0030,2026-07-22T14:46:38Z,2026-07-22T14:46:39Z,1338,created
31,40,ms84-0031,2026-07-22T14:46:39Z,2026-07-22T14:46:41Z,1452,created
32,41,ms84-0032,2026-07-22T14:46:41Z,2026-07-22T14:46:42Z,1527,created
33,42,ms84-0033,2026-07-22T14:46:42Z,2026-07-22T14:46:44Z,1592,created
34,43,ms84-0034,2026-07-22T14:46:44Z,2026-07-22T14:46:46Z,1619,created
35,44,ms84-0035,2026-07-22T14:46:46Z,2026-07-22T14:46:47Z,1662,created
36,45,ms84-0036,2026-07-22T14:46:47Z,2026-07-22T14:46:49Z,1711,created
37,46,ms84-0037,2026-07-22T14:46:49Z,2026-07-22T14:46:50Z,1589,created
38,47,ms84-0038,2026-07-22T14:46:50Z,2026-07-22T14:46:52Z,1510,created
39,48,ms84-0039,2026-07-22T14:46:52Z,2026-07-22T14:46:54Z,1607,created
40,49,ms84-0040,2026-07-22T14:46:54Z,2026-07-22T14:46:55Z,1420,created
41,50,ms84-0041,2026-07-22T14:46:55Z,2026-07-22T14:46:56Z,1353,created
42,51,ms84-0042,2026-07-22T14:46:56Z,2026-07-22T14:46:58Z,1380,created
43,52,ms84-0043,2026-07-22T14:46:58Z,2026-07-22T14:46:59Z,1348,created
44,53,ms84-0044,2026-07-22T14:46:59Z,2026-07-22T14:47:00Z,1374,created
45,54,ms84-0045,2026-07-22T14:47:01Z,2026-07-22T14:47:02Z,1448,created
46,55,ms84-0046,2026-07-22T14:47:02Z,2026-07-22T14:47:03Z,1522,created
47,56,ms84-0047,2026-07-22T14:47:03Z,2026-07-22T14:47:05Z,1469,created
48,57,ms84-0048,2026-07-22T14:47:05Z,2026-07-22T14:47:06Z,1461,created
49,58,ms84-0049,2026-07-22T14:47:06Z,2026-07-22T14:47:08Z,1520,created
50,59,ms84-0050,2026-07-22T14:47:08Z,2026-07-22T14:47:09Z,1526,created
